{
  "block_count": 12,
  "efficiency": 0.06724180885158267,
  "jump_count": 10,
  "net_displacement": 0.7646407176125356,
  "path_length": 11.371507261208043,
  "quadrant_string": "Q4 Q3 Q2 Q4 Q4 Q4 Q4 Q4 Q4 Q3 Q3 Q2",
  "valid_point_count": 12
}