{
  "block_count": 12,
  "efficiency": 0.14552002288230045,
  "jump_count": 8,
  "net_displacement": 1.0139486384160423,
  "path_length": 6.96776030083602,
  "quadrant_string": "Q2 Q2 Q4 Q3 Q3 Q2 Q3 Q3 Q2 Q4 Q4 Q4",
  "valid_point_count": 12
}