{
  "block_count": 12,
  "efficiency": 0.08393166617026057,
  "jump_count": 4,
  "net_displacement": 0.25079872407968906,
  "path_length": 2.9881299338312712,
  "quadrant_string": "Q2 Q2 Q1 Q1 Q3 Q4 Q2 Q4 Q3 Q1 Q2 Q2",
  "valid_point_count": 12
}